"Product code","Description","Included","Subscribed"
"aha_annual_survey_3years","AHA Annual Survey (3 Years)","No","No"
"aha_annual_survey_hist","AHA Annual Survey History (30+ years)","No","No"
"aha_annual_survey_recent","AHA Annual Survey (Recent 15+ years)","No","No"
"aha_common","AHA Common data","No","No"
"aha_hcris_3years","Financial Database (3 Years)","No","No"
"aha_hcris_recent","Financial Database (Recent 10+ years)","No","No"
"aha_it_survey_3years","AHA IT Survey (3 Years)","No","No"
"aha_it_survey_recent","AHA IT Survey (Recent 10+ years)","No","No"
"aha_sample","AHA Sample","Yes","Yes"
"audit_acct_os","Audit Analytics - Accounting and Oversight","No","Yes"
"audit_audit_comp","Audit Analytics - Audit and Compliance","No","Yes"
"audit_common","Audit Analytics - Common Tables","No","Yes"
"audit_corp_legal","Audit Analytics - Corporate and Legal","No","Yes"
"audit_europe","Audit Analytics -- Europe","No","No"
"audit_oia","Audit Analytics - Other Independent Audits","No","No"
"audit_sedar","Audit Analytics -- Canada (SEDAR)","No","No"
"auditsmp_all","Audit Analytics Trial","Yes","Yes"
"bank_all","WRDS Bank Regulatory Database","Yes","Yes"
"bank_premium","WRDS Bank Regulatory Premium","No","No"
"bank_premium_samp","WRDS Bank Research Suite Sample","Yes","Yes"
"block_all","Blockholders Database","Yes","Yes"
"boardex_eur","BoardEx - Europe","No","No"
"boardex_na","BoardEx - North America","No","Yes"
"boardex_row","BoardEx - Rest of World","No","No"
"boardex_trial","BoardEx Trial / Sample","Yes","Yes"
"boardex_uk","BoardEx - UK","No","No"
"bvd_ama_large","BvD Amadeus Large Companies","No","No"
"bvd_ama_medium","BvD Amadeus Medium Companies","No","No"
"bvd_ama_small","BvD Amadeus Small Companies","No","No"
"bvd_ama_verylarge","BvD Amadeus Very Large Companies","No","No"
"bvd_amadeus_trial","BvD Amadeus Trial","Yes","Yes"
"bvd_bvdbankf","BvD Orbis Bank Focus","No","No"
"bvd_bvdbankf_trial","BvD Bank Focus Trial","Yes","Yes"
"bvd_orbis_large","BvD Orbis Very Large and Large Companies","No","No"
"bvd_orbis_medium","BvD Orbis Medium Companies","No","No"
"bvd_orbis_small","BvD Orbis Small Companies","No","No"
"bvd_orbis_trial","BvD Orbis Sample","Yes","Yes"
"bvd_osiris","BvD Osiris","No","No"
"calcbench_ap_ar","Calcbench - Accounts Payable and Receivable including Unbilled Revenue","No","No"
"calcbench_business_combinations","Calcbench - Business Combinations","No","No"
"calcbench_business_segments","Calcbench - Business Segments","No","No"
"calcbench_commitment_contingency","Calcbench - Commitment and Contingency","No","No"
"calcbench_common","Calcbench - Common","No","No"
"calcbench_concentration_risk","Calcbench - Concentration Risk","No","No"
"calcbench_derivatives_hedging","Calcbench - Derivatives and Hedging","No","No"
"calcbench_discontinued_ops","Calcbench - Discontinued Operations and Retructuring","No","No"
"calcbench_equity_compensation","Calcbench - Equity Based Compensation","No","No"
"calcbench_equity_investments","Calcbench - Equity and Cost Method Investments","No","No"
"calcbench_equity_repurchases","Calcbench - Equity/Share Repurchases","No","No"
"calcbench_fair_value","Calcbench - Fair Value of Financial Instruments","No","No"
"calcbench_goodwill","Calcbench - Goodwill and Intangible Assets","No","No"
"calcbench_income_tax","Calcbench - Income Tax","No","No"
"calcbench_inventory","Calcbench - Inventory Including Reserves and Write-downs","No","No"
"calcbench_leases","Calcbench - Leases - Capital and Operating","No","No"
"calcbench_trial","Calcbench Trial / Sample","Yes","Yes"
"candid_3yr","Candid nonprofits 3-year data","No","No"
"candid_6yr","Candid nonprofits 6-year data","No","No"
"candid_9yr","Candid nonprofits 9-year data","No","No"
"candid_samp","Sample/Trial version of Candid","Yes","Yes"
"cboe_all","Daily pricing of the VIX (Volatility Index) from Cboe","Yes","Yes"
"cboe_eod","CBOE Options End of Day","No","No"
"cboe_sample","CBOE Options End of Day Sample","Yes","Yes"
"ciq_capstrct","Capital IQ Capital Structure","No","No"
"ciq_common","Capital IQ Helper","No","Yes"
"ciq_keydev","Capital IQ Key Developments","No","No"
"ciq_pplintel","Capital IQ People Intelligence","No","Yes"
"ciq_ratings","Capital IQ Ratings","No","Yes"
"ciq_transactions","Capital IQ Transactions","No","No"
"ciq_transcripts","Capital IQ Transcripts","No","No"
"ciqsamp_capstrct","Capital IQ Sample Capital Structure","Yes","Yes"
"ciqsamp_common","Capital IQ Sample Helper","Yes","Yes"
"ciqsamp_keydev","Capital IQ Sample Key Developments","Yes","Yes"
"ciqsamp_pplintel","Capital IQ Sample People Intelligence","Yes","Yes"
"ciqsamp_ratings","Capital IQ Sample Ratings","Yes","Yes"
"ciqsamp_transactions","CIQ Transactions Sample","Yes","Yes"
"ciqsamp_transcripts","Capital IQ Sample Transcripts","Yes","Yes"
"comp_bank_daily","Compustat Bank - daily updates","No","Yes"
"comp_execucomp","S&P Compustat Executive Compensation","No","Yes"
"comp_filings","S&P Filing Dates","No","No"
"comp_global_daily","Compustat Global - daily updates","No","Yes"
"comp_na_daily_all","Compustat North America - daily updates (current + historical data)","No","Yes"
"comp_ph","S&P Compustat Preliminary History (Charter Oaks)","No","No"
"comp_pit","S&P Compustat Point in Time (Charter Oaks)","No","Yes"
"comp_ratings","S&P Ratings - legacy","No","No"
"comp_segments_hist_daily","Compustat Historical Segments - daily updates","No","Yes"
"comp_snapshot","Compustat Snapshot","No","Yes"
"comp_urq","S&P Compustat Unrestated Quarterly (Charter Oaks)","No","No"
"compsamp_all","S&P Compustat North America Sample","Yes","Yes"
"compsamp_snapshot","Compustat Snapshot - Sample","Yes","Yes"
"comscore_2002","Comscore 2002","No","No"
"comscore_2004","Comscore 2004","No","No"
"comscore_2006","Comscore 2006","No","No"
"comscore_2007","Comscore 2007","No","No"
"comscore_2008","Comscore 2008","No","No"
"comscore_2009","Comscore 2009","No","No"
"comscore_2010","Comscore 2010","No","No"
"comscore_2011","Comscore 2011","No","No"
"comscore_2012","Comscore 2012","No","No"
"comscore_2013","Comscore 2013","No","No"
"comscore_2014","Comscore 2014","No","No"
"comscore_2015","Comscore 2015","No","No"
"comscore_2016","Comscore 2016","No","No"
"comscore_2017","Comscore 2017","No","No"
"comscore_2018","Comscore 2018","No","No"
"comscore_2019","Comscore 2019","No","No"
"comscore_2020","Comscore 2020","No","No"
"comscore_2021","Comscore 2021","No","No"
"comscore_2022","Comscore 2022","No","No"
"comscore_2023","Comscore 2023","No","No"
"comscore_2024","Comscore 2024","No","No"
"comscore_common","Comscore Common Files (for all Comscore subscribers)","No","No"
"contrib_as_filed_financials","Contributed Database: As-Filed Financial Statement Data","No","Yes"
"contrib_bond_dickerson","Corporate Bond Data – Dickerson","No","Yes"
"contrib_bond_firm_link","Bond-Firm Link by Fang","No","Yes"
"contrib_ceo_turnover","Contributed Database: CEO Turnover","No","Yes"
"contrib_char_returns","Contributed Data - Characteristic Returns","No","Yes"
"contrib_corporate_bond_returns","Contributed Corporate Bond Returns","No","Yes"
"contrib_corporate_culture","Contributed Database of corporate culture scores","No","Yes"
"contrib_general","Contributed Data","Yes","Yes"
"contrib_global_factor","Global Factor Data","No","Yes"
"contrib_green_returns","Contributed Database: Green Returns","No","No"
"contrib_intangible_value","Contributed Database: Intangible Value","No","Yes"
"contrib_kpss","KPSS Technological Innovation","No","Yes"
"contrib_liquidity_taq","Contributed Database: Measures of Liquidity in TAQ","No","Yes"
"contrib_liva","Contributed Database: LIVA","No","Yes"
"contrib_shale","None","Yes","Yes"
"crsp_a_ccm","CRSP/Compustat Merged (Annual)","No","Yes"
"crsp_a_indexes","CRSP Indexes (Annual)","No","Yes"
"crsp_a_stock","CRSP Stock (Annual)","No","Yes"
"crsp_a_stock10","10 years of monthly CRSP Stock history","No","No"
"crsp_a_stock62","CRSP Stock 1962 (Annual)","No","No"
"crsp_a_treasuries","CRSP Treasuries (Annual)","No","Yes"
"crsp_a_ziman","CRSP Ziman Real Estates (Annual)","No","No"
"crsp_m_ccm","CRSP Compustat Merged (Monthly)","No","No"
"crsp_m_indexes","CRSP Indexes (Monthly)","No","No"
"crsp_m_stock","CRSP Stock (Monthly)","No","No"
"crsp_m_stock62","CRSP Stock 1962 (Monthly)","No","No"
"crsp_m_treasuries","CRSP Treasuries (Monthly)","No","No"
"crsp_m_ziman","CRSP Ziman Real Estates (Monthly)","No","No"
"crsp_q_ccm","CRSP/Compustat Merged (Quarterly)","No","No"
"crsp_q_indexes","CRSP Indexes (Quarterly)","No","No"
"crsp_q_indexhist","CRSP Index History Intraday (Quarterly)","No","No"
"crsp_q_mi_hist","CRSPMI 2013 Historical Indexes","No","No"
"crsp_q_mutualfunds","CRSP Mutual Funds (Quarterly)","No","Yes"
"crsp_q_stock","CRSP Stock (Quarterly)","No","No"
"crsp_q_stock62","CRSP Stock-1962 (Quarterly)","No","No"
"crsp_q_treasuries","CRSP Treasuries (Quarterly)","No","No"
"crsp_q_ziman","CRSP Ziman Real Estates (Quarterly)","No","No"
"crspsamp_all","CRSP Sample","Yes","Yes"
"crspsamp_mf","CRSP Mutual Fund Sample","Yes","Yes"
"csmar_af","CSMAR Analyst Forecast","No","No"
"csmar_cd","CSMAR Cash and Stock Dividends","No","No"
"csmar_cg","CSMAR Corporate Governance","No","No"
"csmar_colc","CSMAR Overseas Listed Company","No","No"
"csmar_financial","Chinese Stock Market Database - Financials","No","No"
"csmar_funds","Chinese Stock Market Database - Funds","No","No"
"csmar_hld","CSMAR Shareholders","No","No"
"csmar_ini","CSMAR Institutional Investor","No","No"
"csmar_ipo_a","CSMAR Initial Public Offering (A Shares)","No","No"
"csmar_ma","CSMAR M&A and Asset Restructuring Data","No","No"
"csmar_rs","CSMAR Seasoned Equity Offering","No","No"
"csmar_trade","Chinese Stock Market Database - Trades","No","No"
"csmsamp_all","CSMAR Sample","Yes","Yes"
"cusip_all","CUSIP Master","No","No"
"datastream_wscope","old product code and was replaced by wrdsapps_link_datastream_wscope","No","No"
"djones_all","Dow Jones Averages & Total Return Indexes","Yes","Yes"
"dmef_all","Direct Marketing Educational Foundation","Yes","Yes"
"doe_all","SEC Disclosure of Order Execution Statistics","Yes","Yes"
"estimize_estimates_consensus","Estimize crowdsourced EPS & Revenue estimates","No","No"
"etfg_analytics","ETF Global Analytics","No","Yes"
"etfg_constituents","ETF Global Constituents","No","Yes"
"etfg_fund_flow","ETF Global Fund Flow","No","Yes"
"etfg_industry","ETF Global Industry","No","Yes"
"etfg_samp","ETF Global - Sample","Yes","Yes"
"evts_all","Eventus software","No","No"
"factsamp_all","Factset sample","Yes","Yes"
"factsamp_revere","Factset Revere - Trial / Sample","Yes","Yes"
"factset_common","Factset Common Files","No","Yes"
"factset_ff_int","Factset Fundamentals non US and CAN region","No","No"
"factset_ff_usc","Factset Fundamentals US and CAN region","No","No"
"factset_own","Factset Ownership LionShares","No","Yes"
"factset_revere_common","Factset Revere - Common Files included with all Revere subscriptions","No","No"
"factset_revere_geo_rev","Factset Revere - Geographic Revenue Exposure","No","No"
"factset_revere_ind_class","Factset Revere - Industry Classification and Business Segment Revenue","No","No"
"factset_revere_supply_chain","Factset Revere - Supply Chain / Relationships","No","No"
"ff_all","Fama-French portfolios and factors","Yes","Yes"
"fisd_common","Mergent Common Files","No","Yes"
"fisd_fisd","Mergent FISD Database","No","Yes"
"fisd_naic","Mergent FISD transactions","No","Yes"
"fisdsamp_all","Mergent FISD sample","Yes","Yes"
"fjc_linking","Federal Judicial Center Linking","No","Yes"
"fjc_litigation","Federal Judicial Center Litigation","Yes","Yes"
"form_metadata","Stores variable information that doesn't fit elsewhere.","No","No"
"frb_all","Federal Reserve Board rates","Yes","Yes"
"ftse_russell_us","FTSE Russel US","No","No"
"ftsesamp_russell_us","FTSE Russell Sample","Yes","Yes"
"gmi_all","MSCI GMI Ratings CEOs; Companies; Directorships;Takeover","No","No"
"gutenberg","Project Gutenberg","Yes","Yes"
"hfr_academic_dead","HFR Inactive Funds - Academic Version","No","No"
"hfr_academic_live","HFR Active Funds - Academic Version","No","No"
"hfr_hfrdb","HFR Active Funds","No","No"
"hfr_hfrdb_dead","HFR Inactive Funds","No","No"
"hfrsamp_hfrdb","HFR Sample (non-identifiers)","Yes","Yes"
"ibessamp_kpi","IBES Key Performance Indicators Sample","Yes","Yes"
"ims_hist_3yr_obp_premium","IMS - SK&A Office Based Physicians Last 3 Years","No","No"
"ims_hist_3yr_obp_standard_plus","IMS - SK&A Office Based Physicians Last 3 Years","No","No"
"ims_hist_5yr_obp_premium","IMS - SK&A Office Based Physicians Last 5 Years","No","No"
"ims_hist_5yr_obp_standard_plus","IMS - SK&A Office Based Physicians Last 5 Years","No","No"
"ims_hist_obp_premium","IMS - SK&A Historical Office Based Premium","No","No"
"ims_hist_obp_standard","IMS - SK&A Historical Office Based Standard","No","No"
"ims_hist_obp_standard_plus","IMS - SK&A Historical Office Based Standard Plus","No","No"
"ims_obp_premium","IMS - SK&A Office Based Premium","No","No"
"ims_obp_standard","IMS - SK&A Office Based Standard","No","No"
"ims_obp_standard_plus","IMS - SK&A Office Based Standard Plus","No","No"
"ims_obp_trial","IMS - SK&A Office Based Premium Trial","No","Yes"
"infogroup_business_academic","Infogroup - Business Academic","No","No"
"infogroup_residential","Infogroup - Residential","No","No"
"infogroupsamp_business","Infogroup Sample - Business","Yes","Yes"
"infogroupsamp_residential","Infogroup Sample - Residential","Yes","Yes"
"infraclear_metadata","Infraclear Metadata","No","No"
"infraclear_samp","Sample data of Infraclear","Yes","Yes"
"infraclear_sector_ind","Infraclear Industrial Sector","No","No"
"infraclear_sector_mog","Infraclear Mining, Oil, Gas Sector","No","No"
"infraclear_sector_mshd","Infraclear Municipal, Social, Health, Defense Sector","No","No"
"infraclear_sector_pow","Infraclear Power Sector","No","No"
"infraclear_sector_trn","Infraclear Transport Sector","No","No"
"infraclear_sector_tsc","Infraclear Telecom, Semiconductor Sector","No","No"
"iri_all","IRI Marketing Fact Book","Yes","Yes"
"iss_climate_core","ISS Climate Core","No","No"
"iss_climate_emissions","ISS Climate Potential Avoided Emissions","No","No"
"iss_climate_energy","ISS Climate Energy and Extractives Screening","No","No"
"iss_climate_impact","ISS Climate Impact","No","No"
"iss_climate_physical_risk","ISS Climate Physical Risk","No","No"
"iss_compensation_analytics","Executive Compensation Analytics","No","No"
"iss_compensation_peers","Executive compensation peer groups","No","No"
"iss_directors_global","Global director and board statistics","No","No"
"iss_incentive_lab","ISS Incentive Lab","No","No"
"iss_incentive_lab_europe","ISS Incentive Lab - Europe","No","No"
"iss_va_mf","ISS Voting Analytics - Mutual Fund Vote Records","No","No"
"iss_va_shareholder","ISS Voting Analytics - Shareholder Proposals","No","Yes"
"iss_va_vote_global","ISS Voting Analytics - Company Vote Results Global","No","No"
"iss_va_vote_us","ISS Voting Analytics - Company Vote Results US","No","Yes"
"issm_all","NYSE/AMEX trades and quotes - Exists for FK contraint","No","Yes"
"issm_common","ISSM trades and Quotes - for website use","No","Yes"
"issm_nasd1987","NASDAQ trades and quotes for 1987","No","Yes"
"issm_nasd1988","NASDAQ trades and quotes for 1988","No","Yes"
"issm_nasd1989","NASDAQ trades and quotes for 1989","No","Yes"
"issm_nasd1990","NASDAQ trades and quotes for 1990","No","Yes"
"issm_nasd1991","NASDAQ trades and quotes for 1991","No","Yes"
"issm_nasd1992","NASDAQ trades and quotes for 1992","No","Yes"
"issm_nyam1983","NYSE/AMEX trades and quotes for 1983","No","Yes"
"issm_nyam1984","NYSE/AMEX trades and quotes for 1984","No","Yes"
"issm_nyam1985","NYSE/AMEX trades and quotes for 1985","No","Yes"
"issm_nyam1986","NYSE/AMEX trades and quotes for 1986","No","Yes"
"issm_nyam1987","NYSE/AMEX trades and quotes for 1987","No","Yes"
"issm_nyam1988","NYSE/AMEX trades and quotes for 1988","No","Yes"
"issm_nyam1989","NYSE/AMEX trades and quotes for 1989","No","Yes"
"issm_nyam1990","NYSE/AMEX trades and quotes for 1990","No","Yes"
"issm_nyam1991","NYSE/AMEX trades and quotes for 1991","No","Yes"
"issm_nyam1992","NYSE/AMEX trades and quotes for 1992","No","Yes"
"kld_histall","MSCI ESG KLD STATS","No","No"
"lexisnexis_metabase","LexisNexis Metabase provides access to news articles since 2010.","No","No"
"lexisnexis_metabase_full_text","LexisNexis Metabase full text of articles since 2010. WRDS access only.","No","No"
"lspd_daily","LSPD Daily Product","No","No"
"lspd_monthly","LSPD Monthly Product","No","No"
"lspdsamp_all","LSPD sample","No","No"
"macrofin_comm_trade","Macro Finance Society","Yes","Yes"
"macrofin_comm_trade_ccm","Compound Product Requiring CRSP and Comp","No","Yes"
"markit_cds","Markit Credit Default Swap","No","Yes"
"markit_cdxcomps","Markit CDX (Credit Indices) Composites","No","No"
"markit_cdxconst","Markit CDX (Credit Indices) Constituents","No","No"
"markit_itraxxascomps","Markit iTraxx Asian Composites","No","No"
"markit_itraxxasconst","Markit iTraxx Asian Constituents","No","No"
"markit_itraxxeucomps","Markit iTraxx European Composites","No","No"
"markit_itraxxeuconst","Markit iTraxx European Constituents","No","No"
"markit_itraxxsocomps","Markit iTraxx SovX Composites","No","No"
"markit_itraxxsoconst","Markit iTraxx SovX Constituents","No","No"
"markit_msf_analytics_bonds","Markit Securities Finance - Analytics - Bonds","No","No"
"markit_msf_analytics_eqty_amer","Markit Securities Finance - Analytics - Equity - America","No","No"
"markit_msf_analytics_eqty_asia","Markit Securities Finance - Analytics - Equity - Asia","No","No"
"markit_msf_analytics_eqty_euro","Markit Securities Finance - Analytics - Equity - Europe","No","Yes"
"markit_msf_analytics_eqty_other","Markit Securities Finance - Analytics - Equity - Other","No","No"
"markit_msf_inst_bonds","Markit Securities Finance - Institutional - Bonds","No","No"
"markit_msf_inst_eqty_amer","Markit Securities Finance - Institutional - Equity - America","No","No"
"markit_msf_inst_eqty_asia","Markit Securities Finance - Institutional - Equity - Asia","No","No"
"markit_msf_inst_eqty_euro","Markit Securities Finance - Institutional - Equity - Europe","No","No"
"markit_msf_inst_eqty_other","Markit Securities Finance - Institutional - Equity - Other","No","No"
"markit_red","Markit Reference Identity Database","No","No"
"mflinks_all","MF Links","No","No"
"morningstar_cisdm","Morningstar CISDM","No","No"
"morningstarsamp_cisdm","Morningstar CISDM sample","Yes","Yes"
"mpsych_commodities","MarketPsych Commodities","No","No"
"mpsych_companies","MarketPsych Companies","No","No"
"mpsych_crypto","MarketPsych Cryptocurrencies","No","No"
"mpsych_currencies","Marketpsych Currencies","No","No"
"mpsych_esg_companies","MarketPsych ESG Companies","No","No"
"mpsych_esg_countries","MarketPsych ESG Countries","No","No"
"mpsych_locations","Marketpsych Locations","No","No"
"mpsych_sample","MarketPsych Sample","Yes","Yes"
"mpsych_sectors","MarketPsych Sectors","No","No"
"mrktsamp_cds","Markit Credit Default Swap Sample","Yes","Yes"
"mrktsamp_cdx","Markit Credit Indices (CDX) Trial","Yes","Yes"
"mrktsamp_msf","Markit Securities Finance (MSF) Trial","Yes","Yes"
"msci_climate","MSCI Climate Transition","No","No"
"msci_climate_samp","MSCI Climate Transition Sample","Yes","Yes"
"msci_esg","MSCI Sustainability Scores and Ratings","No","No"
"msci_esg_samp","MSCI Sustainability Scores and Ratings Sample","Yes","Yes"
"msrb_all","MSRB - Municipal Securities Transaction Data","Yes","Yes"
"msrbsamp_all","MSRB Trial/Sample - Municipal Securities Transaction Data","Yes","Yes"
"nastraq_1999","NASDAQ Trades and Quotes 1999","No","No"
"nastraq_2000","NASDAQ Trades and Quotes 2000","No","No"
"nastraq_2001","NASDAQ Trades and Quotes 2001","No","No"
"nastraq_2002","NASDAQ Trades and Quotes 2002","No","No"
"nastraq_2003","NASDAQ Trades and Quotes 2003","No","No"
"nastraq_2004","NASDAQ Trades and Quotes 2004","No","No"
"nastraq_2005","NASDAQ Trades and Quotes 2005","No","No"
"nastraq_2006","NASDAQ Trades and Quotes 2006","No","No"
"nastraq_2007","NASDAQ Trades and Quotes 2007","No","No"
"nastraq_2008","NASDAQ Trades and Quotes 2008","No","No"
"nastraq_all","NASDAQ Trades and Quotes - Exists for FK contraint","No","No"
"nastraq_common","NASTRAQ Trades and Quotes - for website use","No","No"
"optionm_all","IvyDB US by OptionMetrics","No","Yes"
"optionm_europe","IvyDB Europe by OptionMetrics","No","No"
"optionmsamp_europe","OptionMetrics Sample / Trial - IvyDB Europe","Yes","Yes"
"optionmsamp_us","OptionMetrics Sample / Trial - IvyDB US","Yes","Yes"
"otc_endofday","OTC Markets End-of-Day Pricing","Yes","Yes"
"pacap_all","PACAP - for website use","No","No"
"pacap_hongkong","Pacap Hong Kong","No","No"
"pacap_indonesia","Pacap Indonesia","No","No"
"pacap_japan","Pacap Japan","No","No"
"pacap_korea","Pacap Korea","No","No"
"pacap_malaysia","Pacap Malaysia","No","No"
"pacap_singapore","Pacap Singapore","No","No"
"pacap_taiwan","Pacap Taiwan","No","No"
"pacap_thailand","Pacap Thailand","No","No"
"panjiva","Panjiva Supply Chain Intelligence","No","No"
"permstub_all","Permissions Test Product","No","No"
"pgaudit","None","No","No"
"phlx_all","Philadelphia Stock Exchange Currency Options and Implied Volatility","Yes","Yes"
"pitchbk_common","Pitchbook Common Files","No","No"
"pitchbk_companies_deals","PitchBook Companies & Deals","No","No"
"pitchbk_fund_returns","PitchBook Fund Returns","No","No"
"pitchbk_investors_funds_lps","PitchBook Investors Funds LPs","No","No"
"pitchbk_other_na","M+A, other alternative assets for NA","No","No"
"pitchbk_other_row","M+A, other alternative assets for Global firms","No","No"
"pitchbk_pe_na","Pitchbook PE North America","No","No"
"pitchbk_pe_row","Pitchbook Private Equity Global","No","No"
"pitchbk_people","PitchBook People","No","No"
"pitchbk_vc_na","Pitchbook VC North America","No","No"
"pitchbk_vc_row","Pitchbook VC Global","No","No"
"pitchsmp","Pitchbook Private Equity and Venture Capital - sample data","Yes","Yes"
"preqin_cashflow","Preqin Cashflows","No","No"
"preqin_deals","Preqin venture capital and buyout deals","No","No"
"preqin_gp","Preqin General Partners (GPs)","No","No"
"preqin_lp","Preqin Limited Partners (LPs)","No","No"
"preqin_pe","Preqin - Private Equity (legacy)","No","No"
"preqin_vc","Preqin - Venture Capital (legacy)","No","No"
"preqsamp_all","Preqin Sample Database","Yes","Yes"
"public_all","Publicly Available Data","Yes","Yes"
"pwt_all","The Penn World Tables Database","Yes","Yes"
"ravenpack_common","RavenPack - Common Files (for all RavenPack subscribers)","No","Yes"
"ravenpack_dj","RavenPack - Dow Jones Edition","No","Yes"
"ravenpack_full","RavenPack - Full Edition","No","No"
"ravenpack_trial","RavenPack - Trial Edition","No","No"
"ravenpack_web","RavenPack - Web Edition","No","No"
"reprisk_common","RepRisk Common Files (for legacy RepRisk products subscribers)","No","No"
"reprisk_pm","RepRisk Premium Dataset (Legacy)","No","No"
"reprisk_sample","RepRisk - Sample / Trial","Yes","Yes"
"reprisk_std","RepRisk Standard Dataset (Legacy)","No","No"
"reprisk_v2","RepRisk Data Feed Package | Listed and non-listed companies","No","No"
"revelio_common","Revelio Common","No","No"
"revelio_individual","Revelio Individual","No","No"
"revelio_job_postings","Revelio Job Postings","No","No"
"revelio_layoffs","Revelio WARN Layoffs","No","No"
"revelio_samp","Revelio Sample","Yes","Yes"
"revelio_sentiment","Revelio Sentiment","No","No"
"revelio_workforce_dynamics","Revelio Workforce Dynamics - Geographic","No","No"
"risk_directors","ISS (formerly RiskMetrics) Directors Data","No","Yes"
"risk_governance","ISS (formerly RiskMetrics) Corporate Takeover Defense and Governance Data","No","Yes"
"risk_proposals","ISS (formerly RiskMetrics) Shareholder Proposals (Legacy)","No","Yes"
"risk_votes","ISS (formerly RiskMetrics) Voting Results (Legacy)","No","No"
"risksamp_all","ISS (formerly RiskMetrics) Trial / Sample Subsets","Yes","Yes"
"rq_all","Research Quotient","Yes","Yes"
"rstat_royalty","Royalties","No","No"
"rstat_samp","Sample of RoyaltyStat Royalties","Yes","Yes"
"sds_rate_transparency","SDS Rate Transparency Data","No","No"
"secsamp_all","WRDS SEC Platform Sample","No","Yes"
"sp_esg","S&P ESG","No","No"
"spre_apac","S&P Research Essentials - Asia-Pacific","No","No"
"spre_emea","S&P Research Essentials - Europe, the Middle East and Africa","No","No"
"spre_latam","S&P Research Essentials - Latin America","No","No"
"spre_na","S&P Research Essentials - North America","No","No"
"spre_usa","S&P Research Essentials - USA","No","No"
"sustainalytics_all","Sustainalytics","No","No"
"sustainalyticssamp_all","Sustainalytics Trial / Sample","Yes","Yes"
"taq_1993","NYSE Trades & Quotes 1993","No","Yes"
"taq_1994","NYSE Trades & Quotes 1994","No","Yes"
"taq_1995","NYSE Trades & Quotes 1995","No","Yes"
"taq_1996","NYSE Trades & Quotes 1996","No","Yes"
"taq_1997","NYSE Trades & Quotes 1997","No","Yes"
"taq_1998","NYSE Trades & Quotes 1998","No","Yes"
"taq_1999","NYSE Trades & Quotes 1999","No","Yes"
"taq_2000","NYSE Trades & Quotes 2000","No","Yes"
"taq_2001","NYSE Trades & Quotes 2001","No","Yes"
"taq_2002","NYSE Trades & Quotes 2002","No","Yes"
"taq_2003","NYSE Trades & Quotes 2003","No","Yes"
"taq_2004","NYSE Trades & Quotes 2004","No","Yes"
"taq_2005","NYSE Trades & Quotes 2005","No","Yes"
"taq_2006","NYSE Trades & Quotes 2006","No","Yes"
"taq_2007","NYSE Trades & Quotes 2007","No","Yes"
"taq_2008","NYSE Trades & Quotes 2008","No","Yes"
"taq_2009","NYSE Trades & Quotes 2009","No","Yes"
"taq_2010","NYSE Trades & Quotes 2010","No","Yes"
"taq_2011","NYSE Trades & Quotes 2011","No","Yes"
"taq_2012","NYSE Trades & Quotes 2012","No","Yes"
"taq_2013","NYSE Trades & Quotes 2013","No","Yes"
"taq_2014","NYSE Trades & Quotes 2014","No","Yes"
"taq_all","NYSE Trades & Quotes - Exists for FK contraint","No","Yes"
"taq_common","NYSE Trades and Quotes - for website use","No","Yes"
"taq_regsho2005","NYSE Short Sales 2005","No","Yes"
"taq_regsho2006","NYSE Short Sales 2006","No","Yes"
"taq_regsho2007","NYSE Short Sales 2007","No","Yes"
"taqm_2003","NYSE Millisecond Trades & Quotes 2003","No","No"
"taqm_2004","NYSE Millisecond Trades & Quotes 2004","No","No"
"taqm_2005","NYSE Millisecond Trades & Quotes 2005","No","No"
"taqm_2006","NYSE Millisecond Trades & Quotes 2006","No","No"
"taqm_2007","NYSE Millisecond Trades & Quotes 2007","No","No"
"taqm_2008","NYSE Millisecond Trades & Quotes 2008","No","No"
"taqm_2009","NYSE Millisecond Trades & Quotes 2009","No","No"
"taqm_2010","NYSE Millisecond Trades & Quotes 2010","No","No"
"taqm_2011","NYSE Millisecond Trades & Quotes 2011","No","No"
"taqm_2012","NYSE Millisecond Trades & Quotes 2012","No","No"
"taqm_2013","NYSE Millisecond Trades & Quotes 2013","No","No"
"taqm_2014","NYSE Millisecond Trades & Quotes 2014","No","Yes"
"taqm_2015","NYSE Millisecond Trades & Quotes 2015","No","Yes"
"taqm_2016","NYSE Millisecond Trades & Quotes 2016","No","Yes"
"taqm_2017","NYSE Millisecond Trades & Quotes 2017","No","Yes"
"taqm_2018","NYSE Millisecond Trades & Quotes 2018","No","Yes"
"taqm_2019","NYSE Millisecond Trades & Quotes 2019","No","Yes"
"taqm_2020","NYSE Millisecond Trades & Quotes 2020","No","Yes"
"taqm_2021","NYSE Millisecond Trades & Quotes 2021","No","Yes"
"taqm_2022","NYSE Millisecond Trades & Quotes 2022","No","Yes"
"taqm_2023","NYSE Millisecond Trades & Quotes 2023","No","Yes"
"taqm_2024","NYSE Millisecond Trades & Quotes 2024","No","Yes"
"taqm_2025","NYSE Millisecond Trades & Quotes 2025","No","Yes"
"taqm_2026","NYSE Millisecond Trades & Quotes 2026","No","Yes"
"taqm_common","TAQ Daily internal product code","No","Yes"
"taqmsamp_all","Sample Millisecond TAQ","Yes","Yes"
"taqsamp_all","NYSE Trades and Quotes Sample","Yes","Yes"
"totalq_all","Total q by Luke Taylor","Yes","Yes"
"tr_13f","Thomson Reuters Institutional Managers (13f) Holdings","No","Yes"
"tr_13f_archive","Archived snapshot of uncorrected, corrupted data in TR 13F Holdings","No","Yes"
"tr_common","None","No","Yes"
"tr_dandb_dmi_us","D&B U.S. DMI","No","No"
"tr_dandb_wb_af","D&B’s Global Archive/WorldBase Africa","No","No"
"tr_dandb_wb_ap","D&B’s Global Archive/WorldBase Asia Pacific","No","No"
"tr_dandb_wb_eu","D&B’s Global Archive/WorldBase Europe","No","No"
"tr_dandb_wb_la","D&B’s Global Archive/WorldBase Latin America","No","No"
"tr_dandb_wb_me","D&B’s Global Archive/WorldBase Middle East","No","No"
"tr_dandb_wb_na","D&B’s Global Archive/WorldBase North America","No","No"
"tr_dandb_wb_unknown","D&B’s Global Archive/WorldBase Unknown Country/Region","No","No"
"tr_dealscan","Thomson Reuters DealScan","No","Yes"
"tr_ds_comds","Datastream Commodities Data","No","No"
"tr_ds_econ","Datastream Economics Data","No","No"
"tr_ds_equities","Datastream Equities Data","No","No"
"tr_ds_fut","Datastream Futures","No","No"
"tr_esg","Refinitiv ESG Data","No","Yes"
"tr_ibes","Thomson Reuters IBES Historical Estimates (Global)","No","Yes"
"tr_ibes_guidance","Thomson Reuters IBES Guidance","No","No"
"tr_ibes_iga","Thomson Reuters IBES Global Aggregates","No","No"
"tr_ibeskpi","IBES Key Performance Indicators","No","No"
"tr_insiders","Thomson Reuters Insiders Filing Data","No","No"
"tr_mutualfunds","LSEG Mutual Funds Holdings","No","Yes"
"tr_mutualfunds_archive","Archived snapshot of uncorrected, corrupted data in TR Mutual Funds Holdings","No","Yes"
"tr_ownership","Thomson Reuters Global OP Ownership","No","Yes"
"tr_sdc_joint_ventures","Thomson Reuters - SDC Joint Ventures","No","No"
"tr_sdc_ma","Thomson Reuters - SDC M&A","No","No"
"tr_sdc_municipals","Thomson Reuters - SDC Municipals","No","No"
"tr_sdc_ni","Thomson Reuters - SDC New Issues","No","No"
"tr_sdc_private_equity","Thomson Reuters - SDC Private Equity","No","No"
"tr_sdc_samples","None","Yes","Yes"
"tr_tass","Thomson Reuters TASS / Lipper Hedge Fund Database","No","No"
"tr_worldscope","Thomson Reuters - Worldscope","No","No"
"trace_enhanced","FINRA TRACE Enhanced","Yes","Yes"
"trace_standard","FINRA TRACE corporate bond trades","Yes","Yes"
"trsamp_all","Thomson Reuters Samples","Yes","Yes"
"trsamp_db_dmi","D&B U.S. DMI - Sample Version","Yes","Yes"
"trsamp_db_wb","D&B’s Global Archive/WorldBase - Sample Version","Yes","Yes"
"trsamp_ds_eq","Datastream Equities Sample","Yes","Yes"
"trsamp_dscom","Datastream Commodities - Sample Data","Yes","Yes"
"trsamp_dsecon","Datastream Economics - Sample Data","Yes","Yes"
"trsamp_dsfut","Datastream Futures - Sample Data","Yes","Yes"
"trsamp_esg","Refinitiv ESG - Sample Version","Yes","Yes"
"trsamp_sdc_ma","Thomson Reuters SDC Trial / Sample - M&A","Yes","Yes"
"trsamp_sdc_ni","Thomson Reuters SDC Trial / Sample - New Issues","Yes","Yes"
"trsamp_worldscope","Thomson Reuters Worldscope - Sample/Trial","Yes","Yes"
"trucost_carbon","Trucost Analytics: Carbon Earnings at Risk","No","No"
"trucost_common","Trucost Common Tables","No","No"
"trucost_environ","Trucost Environmental","No","No"
"trucost_fossilfuel","Trucost Environmental: Fossil Fuels","No","No"
"trucost_paris","Trucost Analytics: Paris Alignment","No","No"
"trucost_risk","Trucost Analytics: Physical Risk","No","No"
"trucost_samp","Trucost Sample","Yes","Yes"
"trucost_sector_ff","Trucost Environmental: Fossil Fuels Sector","No","No"
"trucost_sector_revenue","Trucost Environmental: Revenue Sector","No","No"
"twitter_samp","Twitter Sample","No","No"
"twoiq_all","2iQ Global Insider Transaction Data","No","No"
"twoiq_samp","2iQ Trial / Sample","Yes","Yes"
"wind_ashare","None","No","No"
"wind_code","None","No","No"
"windsmp","None","No","No"
"wqa_all","WRDS Quant Alpha","No","No"
"wrds_abs","WRDS Asset-Backed Securities","No","No"
"wrds_abs_samp","WRDS ABS Sample","Yes","Yes"
"wrds_backtest","This holds the ""mother file"" for the Learning Lab Backtester classroom tool.Only the WRDS Subscriber should have a subscription to this, to power the Backtester classroom tool. It is a web-only product.","No","No"
"wrds_environmental","WRDS Environmental","No","No"
"wrds_environmental_samp","WRDS Environmental Sample","Yes","Yes"
"wrds_finra_short_interest","WRDS Finra Short Interest","No","No"
"wrds_grocery","None","No","No"
"wrds_insiders","WRDS Insiders","No","No"
"wrds_insiders_samp","WRDS Insiders Sample","Yes","Yes"
"wrds_internal","Used to restrict access to WRDS users (or, possible Wharton users)","No","No"
"wrds_marketplace","WRDS Marketplace Vendor Access - used to give vendor accounts access to the Marketplace Vendor Portal","No","No"
"wrds_mutualfund","WRDS Mutual Fund","No","No"
"wrds_mutualfund_samp","WRDS Mutual Fund Sample","Yes","Yes"
"wrds_sec_search","SEC full text search in PostgreSQL.","No","No"
"wrds_short_volume","WRDS Short Volume","No","No"
"wrds_shortvolume_samp","WRDS Short Volume Sample","Yes","Yes"
"wrds_text_analytics","The WRDS Text Analytics platform.","No","No"
"wrds_trade_exec_samp","Trade Execution by WRDS Sample","No","No"
"wrds_trade_execution","Trade Execution by WRDS","No","No"
"wrds_trading_suite","WRDS trading suite","No","No"
"wrds_xbrl_fundamental","WRDS XBRL Fundamental","No","No"
"wrdsapps_all","WRDS Research Applications","Yes","Yes"
"wrdsapps_backtest_basic","WRDS Backtest Basic","No","Yes"
"wrdsapps_backtest_plus","WRDS Backtest Plus","No","Yes"
"wrdsapps_beta","WRDS Beta Suite","No","Yes"
"wrdsapps_bondret","WRDS Bond Returns","No","Yes"
"wrdsapps_effrontier","WRDS Efficient Frontier","No","Yes"
"wrdsapps_eushort","WRDS EU Short Sales","No","Yes"
"wrdsapps_evtstudy_int","Event Study Intl using Compustat","No","Yes"
"wrdsapps_evtstudy_int_ciq","Event Study Intl using Compustat with Capital IQ","No","No"
"wrdsapps_evtstudy_intraday","Event Study Intraday","No","Yes"
"wrdsapps_evtstudy_intraday_rav","Event Study Intraday with Ravenpack","No","No"
"wrdsapps_evtstudy_lr","Event Study Long Run","No","Yes"
"wrdsapps_evtstudy_lr_ciq","Event Study Long Run with Capital IQ","No","No"
"wrdsapps_evtstudy_us","Event Study US","No","Yes"
"wrdsapps_evtstudy_us_ciq","WRDS Event Study US with Capital IQ","No","No"
"wrdsapps_finratio","WRDS Financial Ratios (base)","No","Yes"
"wrdsapps_finratio_ccm","WRDS Financial Ratios with CCM","No","Yes"
"wrdsapps_finratio_ibes","WRDS Financial Ratios with Ibes","No","Yes"
"wrdsapps_finratio_ibes_ccm","WRDS Financial Ratios with Ibes and CCM","No","Yes"
"wrdsapps_link_comp_eushort","Linking Suite: Compustat - European Short Data","No","Yes"
"wrdsapps_link_crsp_bond","Linking Suite: Bond - CRSP","No","Yes"
"wrdsapps_link_crsp_comp_bdx","Linking Suite: Boardex - Compustat - CRSP","No","Yes"
"wrdsapps_link_crsp_factset","Linking Suite: Factset - CRSP","No","Yes"
"wrdsapps_link_crsp_ibes","Linking Suite: Ibes - CRSP","No","Yes"
"wrdsapps_link_crsp_optionm","Linking Suite: Optionmetrics - CRSP","No","Yes"
"wrdsapps_link_crsp_taq","Linking Suite: TAQ Monthly - CRSP","No","Yes"
"wrdsapps_link_crsp_taqm","Linking Suite: TAQ Daily - CRSP","No","Yes"
"wrdsapps_link_datastream_wscope","WRDS Linking Datastream to Worldscope","No","No"
"wrdsapps_link_dealscan_wscope","Linking Suite: Dealscan - Worldscope","No","No"
"wrdsapps_link_supplychain","Linking Suite: Supply Chain","No","Yes"
"wrdsapps_link_trinsider_bdx","Linking Suite: Thomson Insiders - Boardex","No","No"
"wrdsapps_optionsig","WRDS Options Suite","No","Yes"
"wrdsapps_patents","WRDS Patent Database","No","Yes"
"wrdsapps_plink_boardex_ciq","None","No","Yes"
"wrdsapps_plink_boardex_trinsider","None","No","No"
"wrdsapps_plink_boardex_twoiq","None","No","No"
"wrdsapps_plink_common","Common product for People Linking.","No","Yes"
"wrdsapps_plink_exec_boardex","None","No","Yes"
"wrdsapps_plink_exec_ciq","None","No","Yes"
"wrdsapps_plink_exec_trinsider","None","No","No"
"wrdsapps_plink_exec_twoiq","None","No","No"
"wrdsapps_plink_trinsider_ciq","None","No","No"
"wrdsapps_plink_trinsider_twoiq","None","No","No"
"wrdsapps_plink_twoiq_ciq","None","No","No"
"wrdsapps_subsidiary","WRDS Company Subsidiaries","No","Yes"
"wrdsapps_windices","WRDS World Indices","No","Yes"
"wrdsappssamp_all","WRDS Research Application Samples","No","Yes"
"wrdsrpts_rep_usage","WRDS Usage Reports for consumption by WRDS Representatives","Yes","Yes"
"wrdsrpts_vendor_usage","WRDS Vendor Usage Reports for consumption by WRDS Vendors","No","No"
"wrdssec_all","WRDS SEC Platform","No","No"
"wrdssec_common","WRDS SEC Linking and helper tables","No","No"
"wrdssec_midas","MIDAS","Yes","Yes"
"wrdssec_secsa","WRDS SEC Sentiment Analysis","No","No"
"wta_audit_audit_comp","WTA and Audit Analytics Revised Audit Opinions","No","No"
"wta_ciq_keydev","WTA and CIQ Key Developments","No","No"
"wta_ciq_transcripts","WRDS Text Analysis & Capital IQ Transcripts","No","No"
"wta_ciqsamp_keydev","WTA and CIQ Sample Key Developments","No","No"
"wta_ciqsamp_transcripts","WRDS Text Analysis & Capital IQ Sample Transcripts","Yes","No"
"wta_gutenberg","WTA and Project Gutenberg","No","No"
"wta_lexisnexis_metabase","LexisNexis on the WRDS Text Analytics platform.","No","No"
"wta_twitter_samp","WTA and Twitter Sample","No","No"
"wta_wrdssec_all","WRDS Text Analysis & WRDS SEC Platform.","No","No"
"zacks_all","Zacks Investment Research","No","No"
"zacksamp_all","Zacks Investment Research Sample Data","Yes","Yes"